"model","scenario"
"m0001","RCP 2.6"
"m0002","RCP 2.6"
"m0003","RCP 2.6"
"m0004","RCP 2.6"
"m0005","RCP 2.6"
"m0006","RCP 2.6"
"m0007","RCP 2.6"
"m0008","RCP 2.6"
"m0009","RCP 2.6"
"m0010","RCP 2.6"
"m0011","RCP 2.6"
"m0012","RCP 2.6"
"m0013","RCP 2.6"
"m0014","RCP 2.6"
"m0015","RCP 2.6"
"m0016","RCP 2.6"
"m0017","RCP 2.6"
"m0018","RCP 2.6"
"m0019","RCP 2.6"
"m0020","RCP 2.6"
"m0021","RCP 2.6"
"m0022","RCP 2.6"
"m0023","RCP 2.6"
"m0024","RCP 2.6"
"m0025","RCP 2.6"
"m0026","RCP 2.6"
"m0027","RCP 2.6"
"m0028","RCP 2.6"
"m0029","RCP 2.6"
"m0030","RCP 2.6"
"m0031","RCP 2.6"
"m0032","RCP 2.6"
"m0033","RCP 2.6"
"m0034","RCP 2.6"
"m0035","RCP 2.6"
"m0036","RCP 2.6"
"m0037","RCP 2.6"
"m0038","RCP 2.6"
"m0039","RCP 2.6"
"m0040","RCP 2.6"
"m0041","RCP 2.6"
"m0042","RCP 2.6"
"m0043","RCP 2.6"
"m0044","RCP 2.6"
"m0045","RCP 2.6"
"m0046","RCP 2.6"
"m0047","RCP 2.6"
"m0048","RCP 2.6"
"m0049","RCP 2.6"
"m0050","RCP 2.6"
"m0051","RCP 2.6"
"m0052","RCP 2.6"
"m0053","RCP 2.6"
"m0054","RCP 2.6"
"m0055","RCP 2.6"
"m0056","RCP 2.6"
"m0057","RCP 2.6"
"m0058","RCP 2.6"
"m0059","RCP 2.6"
"m0060","RCP 2.6"
"m0061","RCP 2.6"
"m0062","RCP 2.6"
"m0063","RCP 2.6"
"m0064","RCP 2.6"
"m0065","RCP 2.6"
"m0066","RCP 4.5"
"m0067","RCP 4.5"
"m0068","RCP 4.5"
"m0069","RCP 4.5"
"m0070","RCP 4.5"
"m0071","RCP 4.5"
"m0072","RCP 4.5"
"m0073","RCP 4.5"
"m0074","RCP 4.5"
"m0075","RCP 4.5"
"m0076","RCP 4.5"
"m0077","RCP 4.5"
"m0078","RCP 4.5"
"m0079","RCP 4.5"
"m0080","RCP 4.5"
"m0081","RCP 4.5"
"m0082","RCP 4.5"
"m0083","RCP 4.5"
"m0084","RCP 4.5"
"m0085","RCP 4.5"
"m0086","RCP 4.5"
"m0087","RCP 4.5"
"m0088","RCP 4.5"
"m0089","RCP 4.5"
"m0090","RCP 4.5"
"m0091","RCP 4.5"
"m0092","RCP 4.5"
"m0093","RCP 4.5"
"m0094","RCP 4.5"
"m0095","RCP 4.5"
"m0096","RCP 4.5"
"m0097","RCP 4.5"
"m0098","RCP 4.5"
"m0099","RCP 4.5"
"m0100","RCP 4.5"
"m0101","RCP 4.5"
"m0102","RCP 4.5"
"m0103","RCP 4.5"
"m0104","RCP 4.5"
"m0105","RCP 4.5"
"m0106","RCP 4.5"
"m0107","RCP 4.5"
"m0108","RCP 4.5"
"m0109","RCP 4.5"
"m0110","RCP 4.5"
"m0111","RCP 4.5"
"m0112","RCP 4.5"
"m0113","RCP 4.5"
"m0114","RCP 4.5"
"m0115","RCP 4.5"
"m0116","RCP 4.5"
"m0117","RCP 4.5"
"m0118","RCP 4.5"
"m0119","RCP 4.5"
"m0120","RCP 4.5"
"m0121","RCP 4.5"
"m0122","RCP 4.5"
"m0123","RCP 4.5"
"m0124","RCP 4.5"
"m0125","RCP 4.5"
"m0126","RCP 4.5"
"m0127","RCP 4.5"
"m0128","RCP 4.5"
"m0129","RCP 4.5"
"m0130","RCP 4.5"
"m0131","RCP 4.5"
"m0132","RCP 4.5"
"m0133","RCP 4.5"
"m0134","RCP 4.5"
"m0135","RCP 4.5"
"m0136","RCP 4.5"
"m0137","RCP 4.5"
"m0138","RCP 4.5"
"m0139","RCP 4.5"
"m0140","RCP 4.5"
"m0141","RCP 4.5"
"m0142","RCP 4.5"
"m0143","RCP 4.5"
"m0144","RCP 4.5"
"m0145","RCP 4.5"
"m0146","RCP 4.5"
"m0147","RCP 4.5"
"m0148","RCP 4.5"
"m0149","RCP 4.5"
"m0150","RCP 4.5"
"m0151","RCP 4.5"
"m0152","RCP 4.5"
"m0153","RCP 4.5"
"m0154","RCP 4.5"
"m0155","RCP 4.5"
"m0156","RCP 4.5"
"m0157","RCP 4.5"
"m0158","RCP 4.5"
"m0159","RCP 4.5"
"m0160","RCP 4.5"
"m0161","RCP 4.5"
"m0162","RCP 4.5"
"m0163","RCP 4.5"
"m0164","RCP 4.5"
"m0165","RCP 4.5"
"m0166","RCP 4.5"
"m0167","RCP 4.5"
"m0168","RCP 4.5"
"m0169","RCP 4.5"
"m0170","RCP 4.5"
"m0171","RCP 4.5"
"m0172","RCP 4.5"
"m0173","RCP 4.5"
"m0174","RCP 6.0"
"m0175","RCP 6.0"
"m0176","RCP 6.0"
"m0177","RCP 6.0"
"m0178","RCP 6.0"
"m0179","RCP 6.0"
"m0180","RCP 6.0"
"m0181","RCP 6.0"
"m0182","RCP 6.0"
"m0183","RCP 6.0"
"m0184","RCP 6.0"
"m0185","RCP 6.0"
"m0186","RCP 6.0"
"m0187","RCP 6.0"
"m0188","RCP 6.0"
"m0189","RCP 6.0"
"m0190","RCP 6.0"
"m0191","RCP 6.0"
"m0192","RCP 6.0"
"m0193","RCP 6.0"
"m0194","RCP 6.0"
"m0195","RCP 6.0"
"m0196","RCP 6.0"
"m0197","RCP 6.0"
"m0198","RCP 6.0"
"m0199","RCP 6.0"
"m0200","RCP 6.0"
"m0201","RCP 6.0"
"m0202","RCP 6.0"
"m0203","RCP 6.0"
"m0204","RCP 6.0"
"m0205","RCP 6.0"
"m0206","RCP 6.0"
"m0207","RCP 6.0"
"m0208","RCP 6.0"
"m0209","RCP 6.0"
"m0210","RCP 6.0"
"m0211","RCP 6.0"
"m0212","RCP 6.0"
"m0213","RCP 6.0"
"m0214","RCP 6.0"
"m0215","RCP 6.0"
"m0216","RCP 6.0"
"m0217","RCP 6.0"
"m0218","RCP 6.0"
"m0219","RCP 6.0"
"m0220","RCP 6.0"
"m0221","RCP 8.5"
"m0222","RCP 8.5"
"m0223","RCP 8.5"
"m0224","RCP 8.5"
"m0225","RCP 8.5"
"m0226","RCP 8.5"
"m0227","RCP 8.5"
"m0228","RCP 8.5"
"m0229","RCP 8.5"
"m0230","RCP 8.5"
"m0231","RCP 8.5"
"m0232","RCP 8.5"
"m0233","RCP 8.5"
"m0234","RCP 8.5"
"m0235","RCP 8.5"
"m0236","RCP 8.5"
"m0237","RCP 8.5"
"m0238","RCP 8.5"
"m0239","RCP 8.5"
"m0240","RCP 8.5"
"m0241","RCP 8.5"
"m0242","RCP 8.5"
"m0243","RCP 8.5"
"m0244","RCP 8.5"
"m0245","RCP 8.5"
"m0246","RCP 8.5"
"m0247","RCP 8.5"
"m0248","RCP 8.5"
"m0249","RCP 8.5"
"m0250","RCP 8.5"
"m0251","RCP 8.5"
"m0252","RCP 8.5"
"m0253","RCP 8.5"
"m0254","RCP 8.5"
"m0255","RCP 8.5"
"m0256","RCP 8.5"
"m0257","RCP 8.5"
"m0258","RCP 8.5"
"m0259","RCP 8.5"
"m0260","RCP 8.5"
"m0261","RCP 8.5"
"m0262","RCP 8.5"
"m0263","RCP 8.5"
"m0264","RCP 8.5"
"m0265","RCP 8.5"
"m0266","RCP 8.5"
"m0267","RCP 8.5"
"m0268","RCP 8.5"
"m0269","RCP 8.5"
"m0270","RCP 8.5"
"m0271","RCP 8.5"
"m0272","RCP 8.5"
"m0273","RCP 8.5"
"m0274","RCP 8.5"
"m0275","RCP 8.5"
"m0276","RCP 8.5"
"m0277","RCP 8.5"
"m0278","RCP 8.5"
"m0279","RCP 8.5"
"m0280","RCP 8.5"
"m0281","RCP 8.5"
"m0282","RCP 8.5"
"m0283","RCP 8.5"
"m0284","RCP 8.5"
"m0285","RCP 8.5"
"m0286","RCP 8.5"
"m0287","RCP 8.5"
"m0288","RCP 8.5"
"m0289","RCP 8.5"
"m0290","RCP 8.5"
"m0291","RCP 8.5"
"m0292","RCP 8.5"
"m0293","RCP 8.5"
"m0294","RCP 8.5"
"m0295","RCP 8.5"
"m0296","RCP 8.5"
"m0297","RCP 8.5"
"m0298","RCP 8.5"
"m0299","RCP 8.5"
"m0300","RCP 8.5"
"m0301","RCP 8.5"
